record_type,record_id,record_title,record_url,anchor_text,target_url
page,97,404,https://midsouthlube.com/404-2/,Back Home,/home
page,97,404,https://midsouthlube.com/404-2/,Click here,#
page,97,404,https://midsouthlube.com/404-2/,Click here,#
page,37,Testimonials,https://midsouthlube.com/testimonials/,Synthetic High Temperature Silica Gel Grease,https://midsouthlube.com/product/synthetic-high-temperature-silica-gel-grease/
page,37,Testimonials,https://midsouthlube.com/testimonials/,Select options,https://midsouthlube.com/product/synthetic-high-temperature-silica-gel-grease/
page,37,Testimonials,https://midsouthlube.com/testimonials/,"Premium Ammonia Refrigeration Compressor Oil $95.98 – $4,189.49Price range: $95.98 through $4,189.49",https://midsouthlube.com/product/premium-ammonia-refrigeration-compressor-oil/
page,37,Testimonials,https://midsouthlube.com/testimonials/,Select options,https://midsouthlube.com/product/premium-ammonia-refrigeration-compressor-oil/
page,37,Testimonials,https://midsouthlube.com/testimonials/,"Synthetic Fire Resistant Food Grade Hydraulic Fluid $141.86 – $6,337.07Price range: $141.86 through $6,337.07",https://midsouthlube.com/product/synthetic-fire-resistant-food-grade-hydraulic-fluid/
page,37,Testimonials,https://midsouthlube.com/testimonials/,Select options,https://midsouthlube.com/product/synthetic-fire-resistant-food-grade-hydraulic-fluid/
page,37,Testimonials,https://midsouthlube.com/testimonials/,Request Quote,#elementor-action%3Aaction%3Dpopup%3Aopen%26settings%3DeyJpZCI6IjI4NSIsInRvZ2dsZSI6ZmFsc2V9
page,37,Testimonials,https://midsouthlube.com/testimonials/,Contact,https://midsouthlube.com/contact-us/
page,36,FAQ’s,https://midsouthlube.com/faqs/,Request a Quote,#elementor-action%3Aaction%3Dpopup%3Aopen%26settings%3DeyJpZCI6IjI4NSIsInRvZ2dsZSI6ZmFsc2V9
page,36,FAQ’s,https://midsouthlube.com/faqs/,Contact,https://midsouthlube.com/?page_id=34
page,36,FAQ’s,https://midsouthlube.com/faqs/,"Synthetic Biodegradable Hydraulic Fluid $118.38 – $5,636.14Price range: $118.38 through $5,636.14",https://midsouthlube.com/product/synthetic-biodegradable-hydraulic-fluid/
page,36,FAQ’s,https://midsouthlube.com/faqs/,Select options,https://midsouthlube.com/product/synthetic-biodegradable-hydraulic-fluid/
page,36,FAQ’s,https://midsouthlube.com/faqs/,Synthetic Food-Grade EP Calcium Sulfonate Grease,https://midsouthlube.com/product/synthetic-food-grade-ep-calcium-sulfonate-grease/
page,36,FAQ’s,https://midsouthlube.com/faqs/,Select options,https://midsouthlube.com/product/synthetic-food-grade-ep-calcium-sulfonate-grease/
page,36,FAQ’s,https://midsouthlube.com/faqs/,Synthetic Food-Grade EP Aluminum Complex Grease,https://midsouthlube.com/product/synthetic-food-grade-ep-aluminum-complex-grease/
page,36,FAQ’s,https://midsouthlube.com/faqs/,Select options,https://midsouthlube.com/product/synthetic-food-grade-ep-aluminum-complex-grease/
page,36,FAQ’s,https://midsouthlube.com/faqs/,Synthetic High Temperature Silica Gel Grease,https://midsouthlube.com/product/synthetic-high-temperature-silica-gel-grease/
page,36,FAQ’s,https://midsouthlube.com/faqs/,Select options,https://midsouthlube.com/product/synthetic-high-temperature-silica-gel-grease/
page,36,FAQ’s,https://midsouthlube.com/faqs/,"Universal 10000 Hour Compressor Fluid $212.17 – $10,772.72Price range: $212.17 through $10,772.72",https://midsouthlube.com/product/universal-10000-hour-compressor-fluid/
page,36,FAQ’s,https://midsouthlube.com/faqs/,Select options,https://midsouthlube.com/product/universal-10000-hour-compressor-fluid/
page,36,FAQ’s,https://midsouthlube.com/faqs/,"Synthetic 8000 Hour Compressor Fluid $0.01 – $9,142.21Price range: $0.01 through $9,142.21",https://midsouthlube.com/product/synthetic-8000-hour-compressor-fluid/
page,36,FAQ’s,https://midsouthlube.com/faqs/,Select options,https://midsouthlube.com/product/synthetic-8000-hour-compressor-fluid/
page,36,FAQ’s,https://midsouthlube.com/faqs/,"6000 Hour Food Grade Compressor Fluid $212.17 – $10,772.72Price range: $212.17 through $10,772.72",https://midsouthlube.com/product/6000-hour-food-grade-compressor-fluid/
page,36,FAQ’s,https://midsouthlube.com/faqs/,Select options,https://midsouthlube.com/product/6000-hour-food-grade-compressor-fluid/
page,36,FAQ’s,https://midsouthlube.com/faqs/,"Premium Ammonia Refrigeration Compressor Oil $95.98 – $4,189.49Price range: $95.98 through $4,189.49",https://midsouthlube.com/product/premium-ammonia-refrigeration-compressor-oil/
page,36,FAQ’s,https://midsouthlube.com/faqs/,Select options,https://midsouthlube.com/product/premium-ammonia-refrigeration-compressor-oil/
page,36,FAQ’s,https://midsouthlube.com/faqs/,"Synthetic Food-Grade Low Temperature Chain Lubricant $211.02 – $10,879.79Price range: $211.02 through $10,879.79",https://midsouthlube.com/product/synthetic-food-grade-low-temperature-chain-lubricant/
page,36,FAQ’s,https://midsouthlube.com/faqs/,Select options,https://midsouthlube.com/product/synthetic-food-grade-low-temperature-chain-lubricant/
page,36,FAQ’s,https://midsouthlube.com/faqs/,"Low Temperature Synthetic Silicone Freezer Lubricant $408.39 – $19,209.98Price range: $408.39 through $19,209.98",https://midsouthlube.com/product/low-temperature-synthetic-silicone-freezer-lubricant/
page,36,FAQ’s,https://midsouthlube.com/faqs/,Select options,https://midsouthlube.com/product/low-temperature-synthetic-silicone-freezer-lubricant/
page,36,FAQ’s,https://midsouthlube.com/faqs/,"Caldera 12 Food-Grade Low-Temperature Heat Transfer Fluid $173.28 – $8,472.95Price range: $173.28 through $8,472.95",https://midsouthlube.com/product/caldera-12-food-grade-low-temperature-heat-transfer-fluid/
page,36,FAQ’s,https://midsouthlube.com/faqs/,Select options,https://midsouthlube.com/product/caldera-12-food-grade-low-temperature-heat-transfer-fluid/
page,36,FAQ’s,https://midsouthlube.com/faqs/,"Caldera 5 High-Flash Food-Grade Heat Transfer Fluid $182.21 – $8,963.97Price range: $182.21 through $8,963.97",https://midsouthlube.com/product/caldera-5-high-flash-food-grade-heat-transfer-fluid/
page,36,FAQ’s,https://midsouthlube.com/faqs/,Select options,https://midsouthlube.com/product/caldera-5-high-flash-food-grade-heat-transfer-fluid/
page,36,FAQ’s,https://midsouthlube.com/faqs/,"Caldera 3 Food Grade Heat Transfer Fluid $141.57 – $7,604.26Price range: $141.57 through $7,604.26",https://midsouthlube.com/product/caldera-3-food-grade-heat-transfer-fluid/
page,36,FAQ’s,https://midsouthlube.com/faqs/,Select options,https://midsouthlube.com/product/caldera-3-food-grade-heat-transfer-fluid/
page,36,FAQ’s,https://midsouthlube.com/faqs/,"Synthetic Fire Resistant Food Grade Hydraulic Fluid $141.86 – $6,337.07Price range: $141.86 through $6,337.07",https://midsouthlube.com/product/synthetic-fire-resistant-food-grade-hydraulic-fluid/
page,36,FAQ’s,https://midsouthlube.com/faqs/,Select options,https://midsouthlube.com/product/synthetic-fire-resistant-food-grade-hydraulic-fluid/
page,36,FAQ’s,https://midsouthlube.com/faqs/,"Synthetic Fire Resistant Hydraulic Fluid $134.22 – $6,110.94Price range: $134.22 through $6,110.94",https://midsouthlube.com/product/synthetic-fire-resistant-hydraulic-fluid/
page,36,FAQ’s,https://midsouthlube.com/faqs/,Select options,https://midsouthlube.com/product/synthetic-fire-resistant-hydraulic-fluid/
page,36,FAQ’s,https://midsouthlube.com/faqs/,"Synthetic Food Grade Hydraulic Fluid $118.38 – $5,636.14Price range: $118.38 through $5,636.14",https://midsouthlube.com/product/synthetic-food-grade-hydraulic-fluid/
page,36,FAQ’s,https://midsouthlube.com/faqs/,Select options,https://midsouthlube.com/product/synthetic-food-grade-hydraulic-fluid/
page,36,FAQ’s,https://midsouthlube.com/faqs/,Request Quote,#elementor-action%3Aaction%3Dpopup%3Aopen%26settings%3DeyJpZCI6IjI4NSIsInRvZ2dsZSI6ZmFsc2V9
page,36,FAQ’s,https://midsouthlube.com/faqs/,Contact,https://midsouthlube.com/contact-us/
page,35,PDF Resources,https://midsouthlube.com/pdf-resources/,PDF Name #1,#
page,35,PDF Resources,https://midsouthlube.com/pdf-resources/,PDF Name #2,#
page,35,PDF Resources,https://midsouthlube.com/pdf-resources/,PDF Name #3,#
page,35,PDF Resources,https://midsouthlube.com/pdf-resources/,PDF Name #4,#
page,35,PDF Resources,https://midsouthlube.com/pdf-resources/,PDF Name #5,#
page,35,PDF Resources,https://midsouthlube.com/pdf-resources/,Contact,https://midsouthlube.com/?page_id=34
page,35,PDF Resources,https://midsouthlube.com/pdf-resources/,Request Quote,#elementor-action%3Aaction%3Dpopup%3Aopen%26settings%3DeyJpZCI6IjI4NSIsInRvZ2dsZSI6ZmFsc2V9
page,35,PDF Resources,https://midsouthlube.com/pdf-resources/,Contact,https://midsouthlube.com/contact-us/
page,34,Contact Us,https://midsouthlube.com/contact-us/,Request a Quote,#elementor-action%3Aaction%3Dpopup%3Aopen%26settings%3DeyJpZCI6IjI4NSIsInRvZ2dsZSI6ZmFsc2V9
page,34,Contact Us,https://midsouthlube.com/contact-us/,info@midsouthlube.com,mailto:info@midsouthlube.com
page,34,Contact Us,https://midsouthlube.com/contact-us/,+1 318-614-7948,http://+1 318-614-7948
page,34,Contact Us,https://midsouthlube.com/contact-us/,Terms and Conditions,https://midsouthlube.com/?page_id=26
page,34,Contact Us,https://midsouthlube.com/contact-us/,Request Quote,#elementor-action%3Aaction%3Dpopup%3Aopen%26settings%3DeyJpZCI6IjI4NSIsInRvZ2dsZSI6ZmFsc2V9
page,34,Contact Us,https://midsouthlube.com/contact-us/,Contact,https://midsouthlube.com/contact-us/
page,33,About Us,https://midsouthlube.com/about-us/,Request a Quote,#elementor-action%3Aaction%3Dpopup%3Aopen%26settings%3DeyJpZCI6IjI4NSIsInRvZ2dsZSI6ZmFsc2V9
page,33,About Us,https://midsouthlube.com/about-us/,Learn More,https://midsouthlube.com/products/
page,33,About Us,https://midsouthlube.com/about-us/,Contact,https://midsouthlube.com/?page_id=34
page,33,About Us,https://midsouthlube.com/about-us/,Request Quote,#elementor-action%3Aaction%3Dpopup%3Aopen%26settings%3DeyJpZCI6IjI4NSIsInRvZ2dsZSI6ZmFsc2V9
page,33,About Us,https://midsouthlube.com/about-us/,Contact,https://midsouthlube.com/contact-us/
page,32,Products,https://midsouthlube.com/products/,"Synthetic Biodegradable Hydraulic Fluid $118.38 – $5,636.14Price range: $118.38 through $5,636.14",https://midsouthlube.com/product/synthetic-biodegradable-hydraulic-fluid/
page,32,Products,https://midsouthlube.com/products/,Select options,https://midsouthlube.com/product/synthetic-biodegradable-hydraulic-fluid/
page,32,Products,https://midsouthlube.com/products/,Synthetic Food-Grade EP Calcium Sulfonate Grease,https://midsouthlube.com/product/synthetic-food-grade-ep-calcium-sulfonate-grease/
page,32,Products,https://midsouthlube.com/products/,Select options,https://midsouthlube.com/product/synthetic-food-grade-ep-calcium-sulfonate-grease/
page,32,Products,https://midsouthlube.com/products/,Synthetic Food-Grade EP Aluminum Complex Grease,https://midsouthlube.com/product/synthetic-food-grade-ep-aluminum-complex-grease/
page,32,Products,https://midsouthlube.com/products/,Select options,https://midsouthlube.com/product/synthetic-food-grade-ep-aluminum-complex-grease/
page,32,Products,https://midsouthlube.com/products/,Synthetic High Temperature Silica Gel Grease,https://midsouthlube.com/product/synthetic-high-temperature-silica-gel-grease/
page,32,Products,https://midsouthlube.com/products/,Select options,https://midsouthlube.com/product/synthetic-high-temperature-silica-gel-grease/
page,32,Products,https://midsouthlube.com/products/,"Universal 10000 Hour Compressor Fluid $212.17 – $10,772.72Price range: $212.17 through $10,772.72",https://midsouthlube.com/product/universal-10000-hour-compressor-fluid/
page,32,Products,https://midsouthlube.com/products/,Select options,https://midsouthlube.com/product/universal-10000-hour-compressor-fluid/
page,32,Products,https://midsouthlube.com/products/,"Synthetic 8000 Hour Compressor Fluid $0.01 – $9,142.21Price range: $0.01 through $9,142.21",https://midsouthlube.com/product/synthetic-8000-hour-compressor-fluid/
page,32,Products,https://midsouthlube.com/products/,Select options,https://midsouthlube.com/product/synthetic-8000-hour-compressor-fluid/
page,32,Products,https://midsouthlube.com/products/,"6000 Hour Food Grade Compressor Fluid $212.17 – $10,772.72Price range: $212.17 through $10,772.72",https://midsouthlube.com/product/6000-hour-food-grade-compressor-fluid/
page,32,Products,https://midsouthlube.com/products/,Select options,https://midsouthlube.com/product/6000-hour-food-grade-compressor-fluid/
page,32,Products,https://midsouthlube.com/products/,"Premium Ammonia Refrigeration Compressor Oil $95.98 – $4,189.49Price range: $95.98 through $4,189.49",https://midsouthlube.com/product/premium-ammonia-refrigeration-compressor-oil/
page,32,Products,https://midsouthlube.com/products/,Select options,https://midsouthlube.com/product/premium-ammonia-refrigeration-compressor-oil/
page,32,Products,https://midsouthlube.com/products/,"Synthetic Food-Grade Low Temperature Chain Lubricant $211.02 – $10,879.79Price range: $211.02 through $10,879.79",https://midsouthlube.com/product/synthetic-food-grade-low-temperature-chain-lubricant/
page,32,Products,https://midsouthlube.com/products/,Select options,https://midsouthlube.com/product/synthetic-food-grade-low-temperature-chain-lubricant/
page,32,Products,https://midsouthlube.com/products/,"Low Temperature Synthetic Silicone Freezer Lubricant $408.39 – $19,209.98Price range: $408.39 through $19,209.98",https://midsouthlube.com/product/low-temperature-synthetic-silicone-freezer-lubricant/
page,32,Products,https://midsouthlube.com/products/,Select options,https://midsouthlube.com/product/low-temperature-synthetic-silicone-freezer-lubricant/
page,32,Products,https://midsouthlube.com/products/,"Caldera 12 Food-Grade Low-Temperature Heat Transfer Fluid $173.28 – $8,472.95Price range: $173.28 through $8,472.95",https://midsouthlube.com/product/caldera-12-food-grade-low-temperature-heat-transfer-fluid/
page,32,Products,https://midsouthlube.com/products/,Select options,https://midsouthlube.com/product/caldera-12-food-grade-low-temperature-heat-transfer-fluid/
page,32,Products,https://midsouthlube.com/products/,"Caldera 5 High-Flash Food-Grade Heat Transfer Fluid $182.21 – $8,963.97Price range: $182.21 through $8,963.97",https://midsouthlube.com/product/caldera-5-high-flash-food-grade-heat-transfer-fluid/
page,32,Products,https://midsouthlube.com/products/,Select options,https://midsouthlube.com/product/caldera-5-high-flash-food-grade-heat-transfer-fluid/
page,32,Products,https://midsouthlube.com/products/,Learn More,#
page,32,Products,https://midsouthlube.com/products/,Contact,https://midsouthlube.com/?page_id=34
page,32,Products,https://midsouthlube.com/products/,Request Quote,#elementor-action%3Aaction%3Dpopup%3Aopen%26settings%3DeyJpZCI6IjI4NSIsInRvZ2dsZSI6ZmFsc2V9
page,32,Products,https://midsouthlube.com/products/,Contact,https://midsouthlube.com/contact-us/
page,19,Home,https://midsouthlube.com/,View Products,https://midsouthlube.com/products/
page,19,Home,https://midsouthlube.com/,Request a Quote,#elementor-action%3Aaction%3Dpopup%3Aopen%26settings%3DeyJpZCI6IjI4NSIsInRvZ2dsZSI6ZmFsc2V9
page,19,Home,https://midsouthlube.com/,Learn More,https://midsouthlube.com/about-us/
page,19,Home,https://midsouthlube.com/,Learn More,https://midsouthlube.com/products/
page,19,Home,https://midsouthlube.com/,Synthetic High Temperature Silica Gel Grease,https://midsouthlube.com/product/synthetic-high-temperature-silica-gel-grease/
page,19,Home,https://midsouthlube.com/,Select options,https://midsouthlube.com/product/synthetic-high-temperature-silica-gel-grease/
page,19,Home,https://midsouthlube.com/,"Premium Ammonia Refrigeration Compressor Oil $95.98 – $4,189.49Price range: $95.98 through $4,189.49",https://midsouthlube.com/product/premium-ammonia-refrigeration-compressor-oil/
page,19,Home,https://midsouthlube.com/,Select options,https://midsouthlube.com/product/premium-ammonia-refrigeration-compressor-oil/
page,19,Home,https://midsouthlube.com/,"Synthetic Fire Resistant Food Grade Hydraulic Fluid $141.86 – $6,337.07Price range: $141.86 through $6,337.07",https://midsouthlube.com/product/synthetic-fire-resistant-food-grade-hydraulic-fluid/
page,19,Home,https://midsouthlube.com/,Select options,https://midsouthlube.com/product/synthetic-fire-resistant-food-grade-hydraulic-fluid/
page,19,Home,https://midsouthlube.com/,Request Quote,#elementor-action%3Aaction%3Dpopup%3Aopen%26settings%3DeyJpZCI6IjI4NSIsInRvZ2dsZSI6ZmFsc2V9
page,19,Home,https://midsouthlube.com/,Contact,https://midsouthlube.com/contact-us/
page,19,Home,https://midsouthlube.com/,Contact,https://midsouthlube.com/?page_id=34
page,6,Cart,https://midsouthlube.com/cart/,Synthetic Biodegradable Hydraulic Fluid,https://midsouthlube.com/product/synthetic-biodegradable-hydraulic-fluid/
page,6,Cart,https://midsouthlube.com/cart/,Select options,https://midsouthlube.com/product/synthetic-biodegradable-hydraulic-fluid/
page,6,Cart,https://midsouthlube.com/cart/,Synthetic Food-Grade EP Calcium Sulfonate Grease,https://midsouthlube.com/product/synthetic-food-grade-ep-calcium-sulfonate-grease/
page,6,Cart,https://midsouthlube.com/cart/,Select options,https://midsouthlube.com/product/synthetic-food-grade-ep-calcium-sulfonate-grease/
page,6,Cart,https://midsouthlube.com/cart/,Synthetic Food-Grade EP Aluminum Complex Grease,https://midsouthlube.com/product/synthetic-food-grade-ep-aluminum-complex-grease/
page,6,Cart,https://midsouthlube.com/cart/,Select options,https://midsouthlube.com/product/synthetic-food-grade-ep-aluminum-complex-grease/
page,6,Cart,https://midsouthlube.com/cart/,Synthetic High Temperature Silica Gel Grease,https://midsouthlube.com/product/synthetic-high-temperature-silica-gel-grease/
page,6,Cart,https://midsouthlube.com/cart/,Select options,https://midsouthlube.com/product/synthetic-high-temperature-silica-gel-grease/
