id,date,modified,mime_type,title,alt_text,caption,description,source_url,filename,width,height,filesize_bytes
4,2025-08-08T20:50:27,2025-08-08T20:50:27,image/webp,woocommerce-placeholder,,,,https://midsouthlube.com/wp-content/uploads/woocommerce-placeholder.webp,woocommerce-placeholder.webp,1200,1200,9892
20,2025-08-08T21:37:52,2025-08-08T21:37:52,image/png,placeholder-4.png,,,,https://midsouthlube.com/wp-content/uploads/2025/08/placeholder-4.png,placeholder-4.png,1200,800,4425
21,2025-08-08T21:50:37,2025-08-08T21:50:37,image/png,Mid South Lubricants logo -transparent background,,,,https://midsouthlube.com/wp-content/uploads/2025/08/Mid-South-Lubricants-logo-transparent-background-e1754689920900.png,Mid-South-Lubricants-logo-transparent-background-e1754689920900.png,270,270,95522
25,2025-08-08T21:56:20,2025-08-08T21:56:20,image/png,placeholder-2.png,,,,https://midsouthlube.com/wp-content/uploads/2025/08/placeholder-2.png,placeholder-2.png,1200,800,4425
64,2025-08-16T11:18:04,2025-08-16T11:18:04,image/jpeg,"Blank Plastic Paint Bucket For Mockup Design And Branding, 3d render illustration.",,,,https://midsouthlube.com/wp-content/uploads/2025/08/AdobeStock_372376120-scaled.jpeg,AdobeStock_372376120-scaled.jpeg,2560,1920,104362
65,2025-08-16T11:18:17,2025-08-16T11:18:17,image/jpeg,"Blank Plastic Paint Bucket For Mockup Design And Branding, 3d render illustration.",,,,https://midsouthlube.com/wp-content/uploads/2025/08/AdobeStock_372376149-scaled.jpeg,AdobeStock_372376149-scaled.jpeg,2560,1920,86680
66,2025-08-16T11:18:28,2025-08-16T11:18:28,image/jpeg,"White plastic 5 gallon paint container, isolated",,,,https://midsouthlube.com/wp-content/uploads/2025/08/AdobeStock_66064241-scaled.jpeg,AdobeStock_66064241-scaled.jpeg,1714,2560,87078
67,2025-08-16T11:18:34,2025-08-16T11:18:34,image/jpeg,Automatic machine closing jars of tomato sauce in food processing plant,,,,https://midsouthlube.com/wp-content/uploads/2025/08/AdobeStock_1476755018-scaled.jpeg,AdobeStock_1476755018-scaled.jpeg,2560,1707,311841
68,2025-08-16T11:18:44,2025-08-16T11:18:44,image/jpeg,Clean and fresh gala apples on a conveyor belt in a fruit packag,,Clean and fresh gala apples on a conveyor belt in a fruit packaging warehouse for presize,,https://midsouthlube.com/wp-content/uploads/2025/08/AdobeStock_264043922-scaled.jpeg,AdobeStock_264043922-scaled.jpeg,2560,1707,1209127
69,2025-08-16T11:18:51,2025-08-16T11:18:51,image/jpeg,AdobeStock_1340381760_Preview,,,,https://midsouthlube.com/wp-content/uploads/2025/08/AdobeStock_1340381760_Preview.jpeg,AdobeStock_1340381760_Preview.jpeg,1000,571,268187
70,2025-08-16T11:18:53,2025-08-16T11:18:53,image/jpeg,AdobeStock_1540003326,,,,https://midsouthlube.com/wp-content/uploads/2025/08/AdobeStock_1540003326-scaled.jpeg,AdobeStock_1540003326-scaled.jpeg,2560,1435,222608
71,2025-08-16T11:18:58,2025-08-16T11:18:58,image/jpeg,AdobeStock_1476755018_Preview,,,,https://midsouthlube.com/wp-content/uploads/2025/08/AdobeStock_1476755018_Preview.jpeg,AdobeStock_1476755018_Preview.jpeg,1000,667,282941
73,2025-08-16T11:54:48,2025-08-16T11:54:48,image/jpeg,63×63.jpg,,,,https://midsouthlube.com/wp-content/uploads/2025/08/63x63.jpg,63x63.jpg,63,63,1510
77,2025-08-16T13:59:32,2025-08-16T13:59:32,image/png,Forbes-logo-black,,,,https://midsouthlube.com/wp-content/uploads/2025/08/Forbes-logo-black.png,Forbes-logo-black.png,512,512,19101
78,2025-08-16T13:59:33,2025-08-16T13:59:33,image/png,nasdaq logo-black,,,,https://midsouthlube.com/wp-content/uploads/2025/08/nasdaq-logo-black.png,nasdaq-logo-black.png,512,512,11771
79,2025-08-16T13:59:34,2025-08-16T13:59:34,image/png,second degrees society-black,,,,https://midsouthlube.com/wp-content/uploads/2025/08/second-degrees-society-black.png,second-degrees-society-black.png,512,512,14189
80,2025-08-16T13:59:36,2025-08-16T13:59:36,image/png,canvas rebel logo-black,,,,https://midsouthlube.com/wp-content/uploads/2025/08/canvas-rebel-logo-black.png,canvas-rebel-logo-black.png,512,512,7764
83,2025-08-16T14:33:42,2025-08-16T14:33:42,image/jpeg,Testimonials-1_1.jpg,,,,https://midsouthlube.com/wp-content/uploads/2025/08/Testimonials-1_1.jpg,Testimonials-1_1.jpg,166,166,5495
84,2025-08-16T14:33:42,2025-08-16T14:33:42,image/jpeg,Testimonials-1_2.jpg,,,,https://midsouthlube.com/wp-content/uploads/2025/08/Testimonials-1_2.jpg,Testimonials-1_2.jpg,166,166,5097
96,2025-08-17T11:08:16,2025-08-17T11:08:16,image/jpeg,Classic-Food-portfolio.jpg,,,,https://midsouthlube.com/wp-content/uploads/2025/08/Classic-Food-portfolio.jpg,Classic-Food-portfolio.jpg,1000,667,291674
98,2025-08-17T11:55:14,2025-08-17T11:55:14,image/jpeg,cta-gallery3.jpg,,,,https://midsouthlube.com/wp-content/uploads/2025/08/cta-gallery3.jpg,cta-gallery3.jpg,134,104,1102
99,2025-08-17T11:55:14,2025-08-17T11:55:14,image/jpeg,cta-gallery2.jpg,,,,https://midsouthlube.com/wp-content/uploads/2025/08/cta-gallery2.jpg,cta-gallery2.jpg,300,231,1702
100,2025-08-17T11:55:14,2025-08-17T11:55:14,image/jpeg,cta-gallery1.jpg,,,,https://midsouthlube.com/wp-content/uploads/2025/08/cta-gallery1.jpg,cta-gallery1.jpg,407,352,2016
101,2025-08-17T11:55:14,2025-08-17T11:55:14,image/png,placeholder-2-1.png,,,,https://midsouthlube.com/wp-content/uploads/2025/08/placeholder-2-1.png,placeholder-2-1.png,1200,800,4425
147,2025-08-18T21:46:53,2025-08-18T21:46:53,image/png,Caldera 5 High-Flash Food-Grade Heat Transfer Fluid,,,,https://midsouthlube.com/wp-content/uploads/2025/08/Caldera-5-High-Flash-Food-Grade-Heat-Transfer-Fluid.png,Caldera-5-High-Flash-Food-Grade-Heat-Transfer-Fluid.png,1008,1268,983184
149,2025-08-18T21:57:35,2025-08-18T21:57:35,image/webp,Synthetic Food-Grade EP Calcium Sulfonate Grease 14OZ Tube 10X1 Case-sm,,,,https://midsouthlube.com/wp-content/uploads/2025/08/Synthetic-Food-Grade-EP-Calcium-Sulfonate-Grease-14OZ-Tube-10X1-Case-sm.webp,Synthetic-Food-Grade-EP-Calcium-Sulfonate-Grease-14OZ-Tube-10X1-Case-sm.webp,504,634,16994
160,2025-08-18T22:14:33,2025-08-18T22:14:33,image/webp,Synthetic Fire Resistant Hydraulic Fluid-sm,,,,https://midsouthlube.com/wp-content/uploads/2025/08/Synthetic-Fire-Resistant-Hydraulic-Fluid-sm.webp,Synthetic-Fire-Resistant-Hydraulic-Fluid-sm.webp,504,634,15472
171,2025-08-18T22:18:48,2025-08-18T22:18:48,image/webp,Synthetic Fire Resistant Food Grade Hydraulic Fluid-sm,,,,https://midsouthlube.com/wp-content/uploads/2025/08/Synthetic-Fire-Resistant-Food-Grade-Hydraulic-Fluid-sm.webp,Synthetic-Fire-Resistant-Food-Grade-Hydraulic-Fluid-sm.webp,504,634,15974
173,2025-08-18T22:25:39,2025-08-18T22:25:39,image/webp,Caldera 3 Food Grade Heat Transfer Fluid-sm,,,,https://midsouthlube.com/wp-content/uploads/2025/08/Caldera-3-Food-Grade-Heat-Transfer-Fluid-sm.webp,Caldera-3-Food-Grade-Heat-Transfer-Fluid-sm.webp,504,634,15496
181,2025-08-18T22:37:48,2025-08-18T22:37:48,image/webp,Caldera 5 High-Flash Food-Grade Heat Transfer Fluid-sm,,,,https://midsouthlube.com/wp-content/uploads/2025/08/Caldera-5-High-Flash-Food-Grade-Heat-Transfer-Fluid-sm.webp,Caldera-5-High-Flash-Food-Grade-Heat-Transfer-Fluid-sm.webp,504,634,16052
186,2025-08-18T22:42:51,2025-08-18T22:42:51,image/webp,Caldera 12 Food-Grade Low-Temoerature Heat Transfer Fluid-sm,,,,https://midsouthlube.com/wp-content/uploads/2025/08/Caldera-12-Food-Grade-Low-Temoerature-Heat-Transfer-Fluid-sm.webp,Caldera-12-Food-Grade-Low-Temoerature-Heat-Transfer-Fluid-sm.webp,504,634,16342
188,2025-08-18T22:49:58,2025-08-18T22:49:58,image/webp,Caldera 12 Food-Grade Low-Temperature Heat Transfer Fluid-sm,,,,https://midsouthlube.com/wp-content/uploads/2025/08/Caldera-12-Food-Grade-Low-Temperature-Heat-Transfer-Fluid-sm.webp,Caldera-12-Food-Grade-Low-Temperature-Heat-Transfer-Fluid-sm.webp,504,634,17012
193,2025-08-18T22:52:01,2025-08-18T22:52:01,image/webp,Low Temperature Synthetic Silicone Freezer Lubricant-sm,,,,https://midsouthlube.com/wp-content/uploads/2025/08/Low-Temperature-Synthetic-Silicone-Freezer-Lubricant-sm.webp,Low-Temperature-Synthetic-Silicone-Freezer-Lubricant-sm.webp,504,634,15996
198,2025-08-18T23:02:23,2025-08-18T23:02:23,image/webp,Synthetic Food-Grade Low Temperature Chain Lubricant-sm,,,,https://midsouthlube.com/wp-content/uploads/2025/08/Synthetic-Food-Grade-Low-Temperature-Chain-Lubricant-sm.webp,Synthetic-Food-Grade-Low-Temperature-Chain-Lubricant-sm.webp,504,634,16132
203,2025-08-18T23:15:10,2025-08-18T23:15:10,image/webp,Premium Ammonia Refigeration Compressor Oil-sm,,,,https://midsouthlube.com/wp-content/uploads/2025/08/Premium-Ammonia-Refigeration-Compressor-Oil-sm.webp,Premium-Ammonia-Refigeration-Compressor-Oil-sm.webp,504,634,15794
205,2025-08-18T23:19:55,2025-08-18T23:19:55,image/webp,6000 Hour Food Grade Compresor Fluid-sm,,,,https://midsouthlube.com/wp-content/uploads/2025/08/6000-Hour-Food-Grade-Compresor-Fluid-sm.webp,6000-Hour-Food-Grade-Compresor-Fluid-sm.webp,504,634,15450
213,2025-08-18T23:22:45,2025-08-18T23:22:45,image/webp,Synthetic 8000 Hour Compressor Fluid-sm,,,,https://midsouthlube.com/wp-content/uploads/2025/08/Synthetic-8000-Hour-Compressor-Fluid-sm.webp,Synthetic-8000-Hour-Compressor-Fluid-sm.webp,504,634,15406
218,2025-08-18T23:38:16,2025-08-18T23:38:16,image/webp,Universal 10000 Hour Compressor Fluid-sm,,,,https://midsouthlube.com/wp-content/uploads/2025/08/Universal-10000-Hour-Compressor-Fluid-sm.webp,Universal-10000-Hour-Compressor-Fluid-sm.webp,504,634,15394
220,2025-08-18T23:39:30,2025-08-18T23:39:30,image/webp,Synthetic High Temperature Silica Gel Grease 140Z Tube 10X1 Case-sm,,,,https://midsouthlube.com/wp-content/uploads/2025/08/Synthetic-High-Temperature-Silica-Gel-Grease-140Z-Tube-10X1-Case-sm.webp,Synthetic-High-Temperature-Silica-Gel-Grease-140Z-Tube-10X1-Case-sm.webp,504,634,16718
223,2025-08-18T23:48:14,2025-08-18T23:48:14,image/webp,Synthetic Food-Grade EP Aluminum Complex Grease 10X1 Case-sm,,,,https://midsouthlube.com/wp-content/uploads/2025/08/Synthetic-Food-Grade-EP-Aluminum-Complex-Grease-10X1-Case-sm.webp,Synthetic-Food-Grade-EP-Aluminum-Complex-Grease-10X1-Case-sm.webp,504,634,16488
224,2025-08-18T23:48:16,2025-08-18T23:48:16,image/webp,Synthetic High Temperature Silica Gel Grease 140Z Tube 10X1 Case-sm,,,,https://midsouthlube.com/wp-content/uploads/2025/08/Synthetic-High-Temperature-Silica-Gel-Grease-140Z-Tube-10X1-Case-sm-1.webp,Synthetic-High-Temperature-Silica-Gel-Grease-140Z-Tube-10X1-Case-sm-1.webp,504,634,16718
226,2025-08-18T23:56:56,2025-08-18T23:56:56,image/webp,Synthetic Food-Grade EP Calcium Sulfonate Grease 14OZ Tube 10X1 Case-sm,,,,https://midsouthlube.com/wp-content/uploads/2025/08/Synthetic-Food-Grade-EP-Calcium-Sulfonate-Grease-14OZ-Tube-10X1-Case-sm-1.webp,Synthetic-Food-Grade-EP-Calcium-Sulfonate-Grease-14OZ-Tube-10X1-Case-sm-1.webp,504,634,16994
227,2025-08-19T01:39:51,2025-08-19T01:39:51,image/webp,Synthetic Food-Grade EP Calcium Sulfonate Grease 14OZ Tube 10X1-Case,,,,https://midsouthlube.com/wp-content/uploads/2025/08/Synthetic-Food-Grade-EP-Calcium-Sulfonate-Grease-14OZ-Tube-10X1-Case.webp,Synthetic-Food-Grade-EP-Calcium-Sulfonate-Grease-14OZ-Tube-10X1-Case.webp,768,1152,29634
228,2025-08-19T02:09:47,2025-08-19T02:09:47,image/webp,Synthetic Food-Grade EP Aluminum Complex Grease 10X1-Case,,,,https://midsouthlube.com/wp-content/uploads/2025/08/Synthetic-Food-Grade-EP-Aluminum-Complex-Grease-10X1-Case.webp,Synthetic-Food-Grade-EP-Aluminum-Complex-Grease-10X1-Case.webp,512,768,17302
229,2025-08-19T02:12:48,2025-08-19T02:12:48,image/webp,Synthetic High Temperature Silica Gel Grease_,,,,https://midsouthlube.com/wp-content/uploads/2025/08/Synthetic-High-Temperature-Silica-Gel-Grease_.webp,Synthetic-High-Temperature-Silica-Gel-Grease_.webp,512,768,19440
230,2025-08-19T02:16:12,2025-08-19T02:16:12,image/webp,Synthetic Food-Grade EP Calcium Sulfonate Grease,,,,https://midsouthlube.com/wp-content/uploads/2025/08/Synthetic-Food-Grade-EP-Calcium-Sulfonate-Grease.webp,Synthetic-Food-Grade-EP-Calcium-Sulfonate-Grease.webp,512,768,20258
231,2025-08-19T02:23:33,2025-08-19T02:23:33,image/webp,Synthetic Food-Grade EP Calcium Sulfonate Grease-2,,,,https://midsouthlube.com/wp-content/uploads/2025/08/Synthetic-Food-Grade-EP-Calcium-Sulfonate-Grease-2.webp,Synthetic-Food-Grade-EP-Calcium-Sulfonate-Grease-2.webp,512,768,24256
235,2025-08-19T07:35:27,2025-08-19T07:35:27,image/jpeg,Image-Testemonials-2.jpeg,,,,https://midsouthlube.com/wp-content/uploads/2025/08/Image-Testemonials-2.jpeg,Image-Testemonials-2.jpeg,63,63,1510
236,2025-08-19T07:35:28,2025-08-19T07:35:28,image/jpeg,Article-img_3-13122021-1.jpg,,,,https://midsouthlube.com/wp-content/uploads/2025/08/Article-img_3-13122021-1.jpg,Article-img_3-13122021-1.jpg,1057,511,2879
274,2025-08-27T07:21:31,2025-08-27T07:21:31,image/webp,Ray Tatum,,,,https://midsouthlube.com/wp-content/uploads/2025/08/Ray-Tatum.webp,Ray-Tatum.webp,575,736,16782
275,2025-08-27T07:21:33,2025-08-27T07:21:33,image/webp,Tracie Tatum,,,,https://midsouthlube.com/wp-content/uploads/2025/08/Tracie-Tatum.webp,Tracie-Tatum.webp,1179,1171,124220
276,2025-08-27T07:27:52,2025-08-27T07:27:52,image/webp,Ray Tatum,,,,https://midsouthlube.com/wp-content/uploads/2025/08/Ray-Tatum-1.webp,Ray-Tatum-1.webp,575,816,16892
277,2025-08-27T07:30:49,2025-08-27T07:30:49,image/jpeg,Screenshot,,Screenshot,,https://midsouthlube.com/wp-content/uploads/2025/08/IMG_6229.jpg,IMG_6229.jpg,1179,657,228558
279,2025-08-27T07:41:21,2025-08-27T07:41:21,image/jpeg,"Rows of fresh, evenly spaced chicken parts glide along a stainle",,,,https://midsouthlube.com/wp-content/uploads/2025/08/MidSouth-Lubricant-Photo-3-scaled.jpg,MidSouth-Lubricant-Photo-3-scaled.jpg,2560,1435,609441
280,2025-08-27T07:41:28,2025-08-27T07:41:28,image/webp,MidSouth Lubricant Photo-2,,,,https://midsouthlube.com/wp-content/uploads/2025/08/MidSouth-Lubricant-Photo-2-scaled.webp,MidSouth-Lubricant-Photo-2-scaled.webp,2560,1707,167832
281,2025-08-27T07:41:38,2025-08-27T07:41:38,image/webp,MidSouth Lubricant Photo-1,,,,https://midsouthlube.com/wp-content/uploads/2025/08/MidSouth-Lubricant-Photo-1-scaled.webp,MidSouth-Lubricant-Photo-1-scaled.webp,2560,1440,146946
282,2025-08-27T07:41:42,2025-08-27T07:41:42,image/webp,MidSouth Lubricant Photo,,,,https://midsouthlube.com/wp-content/uploads/2025/08/MidSouth-Lubricant-Photo-scaled.webp,MidSouth-Lubricant-Photo-scaled.webp,2560,1440,90964
307,2025-09-11T17:26:15,2025-09-11T17:26:15,image/png,Elementor-post-screenshot_17_2025-09-11-17-26-15_1a92f842.png,,,,https://midsouthlube.com/wp-content/uploads/elementor/screenshots/Elementor-post-screenshot_17_2025-09-11-17-26-15_1a92f842.png,Elementor-post-screenshot_17_2025-09-11-17-26-15_1a92f842.png,,,
308,2025-09-11T17:30:49,2025-09-11T17:30:49,image/png,Elementor-post-screenshot_234_2025-09-11-17-30-49_31977e49.png,,,,https://midsouthlube.com/wp-content/uploads/elementor/screenshots/Elementor-post-screenshot_234_2025-09-11-17-30-49_31977e49.png,Elementor-post-screenshot_234_2025-09-11-17-30-49_31977e49.png,,,
