record_type,id,title,slug,url,modified,seo_title,meta_description,canonical,robots_index,robots_follow,og_title,og_description,og_image
page,97,404,404-2,https://midsouthlube.com/404-2/,2025-08-17T12:05:29,,,,,,,,
page,46,Blog,blog,https://midsouthlube.com/blog/,2025-08-17T08:12:02,,,,,,,,
page,37,Testimonials,testimonials,https://midsouthlube.com/testimonials/,2025-09-01T13:06:38,,,,,,,,
page,36,FAQ’s,faqs,https://midsouthlube.com/faqs/,2025-09-23T19:13:31,,,,,,,,
page,35,PDF Resources,pdf-resources,https://midsouthlube.com/pdf-resources/,2025-09-11T18:32:23,,,,,,,,
page,34,Contact Us,contact-us,https://midsouthlube.com/contact-us/,2026-04-10T00:50:51,,,,,,,,
page,33,About Us,about-us,https://midsouthlube.com/about-us/,2025-11-12T18:38:05,,,,,,,,
page,32,Products,products,https://midsouthlube.com/products/,2025-10-20T16:03:10,,,,,,,,
page,26,Terms,terms,https://midsouthlube.com/terms/,2025-08-17T12:17:15,,,,,,,,
page,19,Home,home,https://midsouthlube.com/,2025-10-20T15:59:29,,,,,,,,
page,8,My account,my-account,https://midsouthlube.com/my-account/,2025-08-17T14:16:46,,,,,,,,
page,7,Checkout,checkout,https://midsouthlube.com/checkout/,2025-08-19T22:54:59,,,,,,,,
page,6,Cart,cart,https://midsouthlube.com/cart/,2025-09-11T15:34:32,,,,,,,,
page,5,Shop,shop,https://midsouthlube.com/shop/,2025-08-08T20:50:27,,,,,,,,
page,3,Privacy Policy,privacy-policy,https://midsouthlube.com/privacy-policy/,2025-08-17T12:17:28,,,,,,,,
product,240,Synthetic Biodegradable Hydraulic Fluid,synthetic-biodegradable-hydraulic-fluid,https://midsouthlube.com/product/synthetic-biodegradable-hydraulic-fluid/,2025-09-01T12:45:31,,,,,,,,
product,225,Synthetic Food-Grade EP Calcium Sulfonate Grease,synthetic-food-grade-ep-calcium-sulfonate-grease,https://midsouthlube.com/product/synthetic-food-grade-ep-calcium-sulfonate-grease/,2025-09-11T17:54:17,,,,,,,,
product,222,Synthetic Food-Grade EP Aluminum Complex Grease,synthetic-food-grade-ep-aluminum-complex-grease,https://midsouthlube.com/product/synthetic-food-grade-ep-aluminum-complex-grease/,2025-09-11T17:54:29,,,,,,,,
product,219,Synthetic High Temperature Silica Gel Grease,synthetic-high-temperature-silica-gel-grease,https://midsouthlube.com/product/synthetic-high-temperature-silica-gel-grease/,2025-09-11T17:54:53,,,,,,,,
product,214,Universal 10000 Hour Compressor Fluid,universal-10000-hour-compressor-fluid,https://midsouthlube.com/product/universal-10000-hour-compressor-fluid/,2025-09-01T12:51:45,,,,,,,,
product,209,Synthetic 8000 Hour Compressor Fluid,synthetic-8000-hour-compressor-fluid,https://midsouthlube.com/product/synthetic-8000-hour-compressor-fluid/,2025-09-01T12:54:19,,,,,,,,
product,204,6000 Hour Food Grade Compressor Fluid,6000-hour-food-grade-compressor-fluid,https://midsouthlube.com/product/6000-hour-food-grade-compressor-fluid/,2025-09-01T12:59:17,,,,,,,,
product,199,Premium Ammonia Refrigeration Compressor Oil,premium-ammonia-refrigeration-compressor-oil,https://midsouthlube.com/product/premium-ammonia-refrigeration-compressor-oil/,2025-09-01T12:58:58,,,,,,,,
product,194,Synthetic Food-Grade Low Temperature Chain Lubricant,synthetic-food-grade-low-temperature-chain-lubricant,https://midsouthlube.com/product/synthetic-food-grade-low-temperature-chain-lubricant/,2025-09-01T12:51:14,,,,,,,,
product,189,Low Temperature Synthetic Silicone Freezer Lubricant,low-temperature-synthetic-silicone-freezer-lubricant,https://midsouthlube.com/product/low-temperature-synthetic-silicone-freezer-lubricant/,2025-09-01T12:54:40,,,,,,,,
product,182,Caldera 12 Food-Grade Low-Temperature Heat Transfer Fluid,caldera-12-food-grade-low-temperature-heat-transfer-fluid,https://midsouthlube.com/product/caldera-12-food-grade-low-temperature-heat-transfer-fluid/,2025-09-01T12:58:42,,,,,,,,
product,177,Caldera 5 High-Flash Food-Grade Heat Transfer Fluid,caldera-5-high-flash-food-grade-heat-transfer-fluid,https://midsouthlube.com/product/caldera-5-high-flash-food-grade-heat-transfer-fluid/,2025-09-01T12:58:28,,,,,,,,
product,172,Caldera 3 Food Grade Heat Transfer Fluid,caldera-3-food-grade-heat-transfer-fluid,https://midsouthlube.com/product/caldera-3-food-grade-heat-transfer-fluid/,2025-09-01T12:53:21,,,,,,,,
product,161,Synthetic Fire Resistant Food Grade Hydraulic Fluid,synthetic-fire-resistant-food-grade-hydraulic-fluid,https://midsouthlube.com/product/synthetic-fire-resistant-food-grade-hydraulic-fluid/,2025-08-19T21:47:18,,,,,,,,
product,150,Synthetic Fire Resistant Hydraulic Fluid,synthetic-fire-resistant-hydraulic-fluid,https://midsouthlube.com/product/synthetic-fire-resistant-hydraulic-fluid/,2025-08-29T21:23:43,,,,,,,,
product,127,Synthetic Food Grade Hydraulic Fluid,synthetic-food-grade-hydraulic-fluid,https://midsouthlube.com/product/synthetic-food-grade-hydraulic-fluid/,2025-08-29T21:25:39,,,,,,,,
