id,name,slug,url,type,sku,categories,tags_or_product_codes,price_range,is_purchasable,is_in_stock,variation_count,image_urls
204,6000 Hour Food Grade Compressor Fluid,6000-hour-food-grade-compressor-fluid,https://midsouthlube.com/product/6000-hour-food-grade-compressor-fluid/,variable,,"Compressor Fluid, Food Grade",MSL-6061FGCF6,"$212.17–$10,772.72",True,True,3,https://midsouthlube.com/wp-content/uploads/2025/08/6000-Hour-Food-Grade-Compresor-Fluid-sm.webp
182,Caldera 12 Food-Grade Low-Temperature Heat Transfer Fluid,caldera-12-food-grade-low-temperature-heat-transfer-fluid,https://midsouthlube.com/product/caldera-12-food-grade-low-temperature-heat-transfer-fluid/,variable,,"Food Grade, Heat Transfer Fluid, Low Temperature",MSL-C12FGLTHTF,"$173.28–$8,472.95",True,True,3,https://midsouthlube.com/wp-content/uploads/2025/08/Caldera-12-Food-Grade-Low-Temperature-Heat-Transfer-Fluid-sm.webp
172,Caldera 3 Food Grade Heat Transfer Fluid,caldera-3-food-grade-heat-transfer-fluid,https://midsouthlube.com/product/caldera-3-food-grade-heat-transfer-fluid/,variable,,"Food Grade, Heat Transfer Fluid",MSL-C3FGHTF,"$141.57–$7,604.26",True,True,3,https://midsouthlube.com/wp-content/uploads/2025/08/Caldera-3-Food-Grade-Heat-Transfer-Fluid-sm.webp
177,Caldera 5 High-Flash Food-Grade Heat Transfer Fluid,caldera-5-high-flash-food-grade-heat-transfer-fluid,https://midsouthlube.com/product/caldera-5-high-flash-food-grade-heat-transfer-fluid/,variable,,"Food Grade, Heat Transfer Fluid",MSL-C3FGHTF,"$182.21–$8,963.97",True,True,3,https://midsouthlube.com/wp-content/uploads/2025/08/Caldera-5-High-Flash-Food-Grade-Heat-Transfer-Fluid-sm.webp
189,Low Temperature Synthetic Silicone Freezer Lubricant,low-temperature-synthetic-silicone-freezer-lubricant,https://midsouthlube.com/product/low-temperature-synthetic-silicone-freezer-lubricant/,variable,,"Food Grade, Freezer Lubricant, Low Temperature",MSL-6488LTSSFL,"$408.39–$19,209.98",True,True,3,https://midsouthlube.com/wp-content/uploads/2025/08/Low-Temperature-Synthetic-Silicone-Freezer-Lubricant-sm.webp
199,Premium Ammonia Refrigeration Compressor Oil,premium-ammonia-refrigeration-compressor-oil,https://midsouthlube.com/product/premium-ammonia-refrigeration-compressor-oil/,variable,,"Ammonia Refrigeration, Refrigeration Lubricant",MSL-NXT717,"$95.98–$4,189.49",True,True,3,https://midsouthlube.com/wp-content/uploads/2025/08/Premium-Ammonia-Refigeration-Compressor-Oil-sm.webp
209,Synthetic 8000 Hour Compressor Fluid,synthetic-8000-hour-compressor-fluid,https://midsouthlube.com/product/synthetic-8000-hour-compressor-fluid/,variable,,"Compressor Fluid, Food Grade",MSL-2015SCF8,"$0.01–$9,142.21",True,True,3,https://midsouthlube.com/wp-content/uploads/2025/08/Synthetic-8000-Hour-Compressor-Fluid-sm.webp
240,Synthetic Biodegradable Hydraulic Fluid,synthetic-biodegradable-hydraulic-fluid,https://midsouthlube.com/product/synthetic-biodegradable-hydraulic-fluid/,variable,,Hydraulic Fluid,MSL-2284SBAWHF,"$118.38–$5,636.14",True,True,9,https://midsouthlube.com/wp-content/uploads/2025/08/Synthetic-Biodegradable-Hydraulic-Fluid-sm.webp
161,Synthetic Fire Resistant Food Grade Hydraulic Fluid,synthetic-fire-resistant-food-grade-hydraulic-fluid,https://midsouthlube.com/product/synthetic-fire-resistant-food-grade-hydraulic-fluid/,variable,,"Fire Resistant, Food Grade, Hydraulic Fluid",MSL-4584SFRGHF,"$141.86–$6,337.07",True,True,9,https://midsouthlube.com/wp-content/uploads/2025/08/Synthetic-Fire-Resistant-Food-Grade-Hydraulic-Fluid-sm.webp
150,Synthetic Fire Resistant Hydraulic Fluid,synthetic-fire-resistant-hydraulic-fluid,https://midsouthlube.com/product/synthetic-fire-resistant-hydraulic-fluid/,variable,,"Fire Resistant, Hydraulic Fluid",MSL-2584SFRHF,"$134.22–$6,110.94",True,True,9,https://midsouthlube.com/wp-content/uploads/2025/08/Synthetic-Fire-Resistant-Hydraulic-Fluid-sm.webp
127,Synthetic Food Grade Hydraulic Fluid,synthetic-food-grade-hydraulic-fluid,https://midsouthlube.com/product/synthetic-food-grade-hydraulic-fluid/,variable,,Hydraulic Fluid,MSL-2288SFGAWHF,"$118.38–$5,636.14",True,True,9,https://midsouthlube.com/wp-content/uploads/2025/08/Synthetic-Biodegradable-Hydraulic-Fluid-sm.webp
222,Synthetic Food-Grade EP Aluminum Complex Grease,synthetic-food-grade-ep-aluminum-complex-grease,https://midsouthlube.com/product/synthetic-food-grade-ep-aluminum-complex-grease/,variable,MSL-2087SFGEPACG,"Grease, High Temperature",MSL-2087SFGEPACG,$141.34,True,False,0,https://midsouthlube.com/wp-content/uploads/2025/08/Synthetic-Food-Grade-EP-Aluminum-Complex-Grease-10X1-Case.webp
225,Synthetic Food-Grade EP Calcium Sulfonate Grease,synthetic-food-grade-ep-calcium-sulfonate-grease,https://midsouthlube.com/product/synthetic-food-grade-ep-calcium-sulfonate-grease/,variable,MSL-3157SFGEPCSG,"Grease, High Temperature",MSL-3157SFGEPCSG,$113.77,True,False,0,https://midsouthlube.com/wp-content/uploads/2025/08/Synthetic-Food-Grade-EP-Calcium-Sulfonate-Grease.webp
194,Synthetic Food-Grade Low Temperature Chain Lubricant,synthetic-food-grade-low-temperature-chain-lubricant,https://midsouthlube.com/product/synthetic-food-grade-low-temperature-chain-lubricant/,variable,,"Chain Lubricant, Food Grade, Low Temperature",MSL-6831SFGLTCL,"$211.02–$10,879.79",True,True,3,https://midsouthlube.com/wp-content/uploads/2025/08/Synthetic-Food-Grade-Low-Temperature-Chain-Lubricant-sm.webp
219,Synthetic High Temperature Silica Gel Grease,synthetic-high-temperature-silica-gel-grease,https://midsouthlube.com/product/synthetic-high-temperature-silica-gel-grease/,variable,MSL-3045SHTSGG,"Grease, High Temperature",MSL-3045SHTSGG,$360.22,True,False,0,https://midsouthlube.com/wp-content/uploads/2025/08/Synthetic-Food-Grade-EP-Calcium-Sulfonate-Grease-2.webp
214,Universal 10000 Hour Compressor Fluid,universal-10000-hour-compressor-fluid,https://midsouthlube.com/product/universal-10000-hour-compressor-fluid/,variable,,"Compressor Fluid, Food Grade",MSL-6321UCF10,"$212.17–$10,772.72",True,True,3,https://midsouthlube.com/wp-content/uploads/2025/08/Universal-10000-Hour-Compressor-Fluid-sm.webp
