variation_id,parent_product_id,product,sku,option,price,is_in_stock,is_purchasable,add_to_cart_url
206,204,6000 Hour Food Grade Compressor Fluid,MSL-6061FGCF6-46-5D,5 Gallon Pail,$212.17,True,True,https://midsouthlube.com/product/6000-hour-food-grade-compressor-fluid/?variation_id=206&#038;add-to-cart=204
207,204,6000 Hour Food Grade Compressor Fluid,MSL-6061FGCF6-46-55D,55 Gallon Drum,"$2,175.27",True,True,https://midsouthlube.com/product/6000-hour-food-grade-compressor-fluid/?variation_id=207&#038;add-to-cart=204
208,204,6000 Hour Food Grade Compressor Fluid,MSL-6061FGCF6-46-275T,275 Gallon Tote,"$10,772.72",True,True,https://midsouthlube.com/product/6000-hour-food-grade-compressor-fluid/?variation_id=208&#038;add-to-cart=204
183,182,Caldera 12 Food-Grade Low-Temperature Heat Transfer Fluid,MSL-C12FGLTHTF-5P,5 Gallon Pail,$173.28,True,True,https://midsouthlube.com/product/caldera-12-food-grade-low-temperature-heat-transfer-fluid/?variation_id=183&#038;add-to-cart=182
184,182,Caldera 12 Food-Grade Low-Temperature Heat Transfer Fluid,MSL-C12FGLTHTF-55D,55 Gallon Drum,"$1,702.06",True,True,https://midsouthlube.com/product/caldera-12-food-grade-low-temperature-heat-transfer-fluid/?variation_id=184&#038;add-to-cart=182
185,182,Caldera 12 Food-Grade Low-Temperature Heat Transfer Fluid,MSL-C12FGLTHTF-275T,275 Gallon Tote,"$8,472.95",True,True,https://midsouthlube.com/product/caldera-12-food-grade-low-temperature-heat-transfer-fluid/?variation_id=185&#038;add-to-cart=182
174,172,Caldera 3 Food Grade Heat Transfer Fluid,MSL-C3FGHTF-5P,5 Gallon Pail,$141.57,True,True,https://midsouthlube.com/product/caldera-3-food-grade-heat-transfer-fluid/?variation_id=174&#038;add-to-cart=172
175,172,Caldera 3 Food Grade Heat Transfer Fluid,MSL-C3FGHTF-55D,55 Gallon Drum,"$1,528.32",True,True,https://midsouthlube.com/product/caldera-3-food-grade-heat-transfer-fluid/?variation_id=175&#038;add-to-cart=172
176,172,Caldera 3 Food Grade Heat Transfer Fluid,MSL-C3FGHTF-275T,275 Gallon Tote,"$7,604.26",True,True,https://midsouthlube.com/product/caldera-3-food-grade-heat-transfer-fluid/?variation_id=176&#038;add-to-cart=172
178,177,Caldera 5 High-Flash Food-Grade Heat Transfer Fluid,MSL-C5HFFGHTF-5P,5 Gallon Pail,$182.21,True,True,https://midsouthlube.com/product/caldera-5-high-flash-food-grade-heat-transfer-fluid/?variation_id=178&#038;add-to-cart=177
179,177,Caldera 5 High-Flash Food-Grade Heat Transfer Fluid,MSL-C5HFFGHTF-55D,55 Gallon Drum,"$1,800.21",True,True,https://midsouthlube.com/product/caldera-5-high-flash-food-grade-heat-transfer-fluid/?variation_id=179&#038;add-to-cart=177
180,177,Caldera 5 High-Flash Food-Grade Heat Transfer Fluid,MSL-C5HFFGHTF-275T,275 Gallon Tote,"$8,963.97",True,True,https://midsouthlube.com/product/caldera-5-high-flash-food-grade-heat-transfer-fluid/?variation_id=180&#038;add-to-cart=177
190,189,Low Temperature Synthetic Silicone Freezer Lubricant,MSL-6488LTSSFL-32-5P,5 Gallon Pail,$408.39,True,True,https://midsouthlube.com/product/low-temperature-synthetic-silicone-freezer-lubricant/?variation_id=190&#038;add-to-cart=189
191,189,Low Temperature Synthetic Silicone Freezer Lubricant,MSL-6488LTSSFL-32-55D,55 Gallon Drum,"$4,281.55",True,True,https://midsouthlube.com/product/low-temperature-synthetic-silicone-freezer-lubricant/?variation_id=191&#038;add-to-cart=189
192,189,Low Temperature Synthetic Silicone Freezer Lubricant,MSL-6488LTSSFL-32-275T,275 Gallon Tote,"$19,209.98",True,True,https://midsouthlube.com/product/low-temperature-synthetic-silicone-freezer-lubricant/?variation_id=192&#038;add-to-cart=189
200,199,Premium Ammonia Refrigeration Compressor Oil,MSL-NXT717-68-5P,5 Gallon Pail,$95.98,True,True,https://midsouthlube.com/product/premium-ammonia-refrigeration-compressor-oil/?variation_id=200&#038;add-to-cart=199
201,199,Premium Ammonia Refrigeration Compressor Oil,MSL-NXT717-68-55D,55 Gallon Drum,$866.28,True,True,https://midsouthlube.com/product/premium-ammonia-refrigeration-compressor-oil/?variation_id=201&#038;add-to-cart=199
202,199,Premium Ammonia Refrigeration Compressor Oil,MSL-NXT717-68-275T,275 Gallon Tote,"$4,189.49",True,True,https://midsouthlube.com/product/premium-ammonia-refrigeration-compressor-oil/?variation_id=202&#038;add-to-cart=199
210,209,Synthetic 8000 Hour Compressor Fluid,MSL-2015SCF8-46-5P,5 Gallon Pail,$0.01,True,True,https://midsouthlube.com/product/synthetic-8000-hour-compressor-fluid/?variation_id=210&#038;add-to-cart=209
211,209,Synthetic 8000 Hour Compressor Fluid,MSL-2015SCF8-46-55D,55 Gallon Drum,"$1,849.19",True,True,https://midsouthlube.com/product/synthetic-8000-hour-compressor-fluid/?variation_id=211&#038;add-to-cart=209
212,209,Synthetic 8000 Hour Compressor Fluid,MSL-2015SCF8-46-275T,275 Gallon Tote,"$9,142.21",True,True,https://midsouthlube.com/product/synthetic-8000-hour-compressor-fluid/?variation_id=212&#038;add-to-cart=209
241,240,Synthetic Biodegradable Hydraulic Fluid,MSL-2284SBAWHF-32-5P-1,Available Options: ISO 32 — 5 Gallon Pail,$118.38,True,True,https://midsouthlube.com/product/synthetic-biodegradable-hydraulic-fluid/?attribute_available-options=ISO+32+%E2%80%94+5+Gallon+Pail&#038;variation_id=241&#038;add-to-cart=240
242,240,Synthetic Biodegradable Hydraulic Fluid,MSL-2284SBAWHF-32-55D-1,Available Options: ISO 32 — 55 Gallon Drum,"$1,133.52",True,True,https://midsouthlube.com/product/synthetic-biodegradable-hydraulic-fluid/?attribute_available-options=ISO+32+%E2%80%94+55+Gallon+Drum&#038;variation_id=242&#038;add-to-cart=240
243,240,Synthetic Biodegradable Hydraulic Fluid,MSL-2284SBAWHF-32-275T-1,Available Options: ISO 32 — 275 Gallon Tote,"$5,636.14",True,True,https://midsouthlube.com/product/synthetic-biodegradable-hydraulic-fluid/?attribute_available-options=ISO+32+%E2%80%94+275+Gallon+Tote&#038;variation_id=243&#038;add-to-cart=240
244,240,Synthetic Biodegradable Hydraulic Fluid,MSL-2284SBAWHF-46-5P-1,Available Options: ISO 46 — 5 Gallon Pail,$118.66,True,True,https://midsouthlube.com/product/synthetic-biodegradable-hydraulic-fluid/?attribute_available-options=ISO+46+%E2%80%94+5+Gallon+Pail&#038;variation_id=244&#038;add-to-cart=240
245,240,Synthetic Biodegradable Hydraulic Fluid,MSL-2284SBAWHF-46-55D-1,Available Options: ISO 46 — 55 Gallon Drum,"$1,133.52",True,True,https://midsouthlube.com/product/synthetic-biodegradable-hydraulic-fluid/?attribute_available-options=ISO+46+%E2%80%94+55+Gallon+Drum&#038;variation_id=245&#038;add-to-cart=240
246,240,Synthetic Biodegradable Hydraulic Fluid,MSL-2284SBAWHF-46-275T-1,Available Options: ISO 46 — 275 Gallon Tote,"$5,636.13",True,True,https://midsouthlube.com/product/synthetic-biodegradable-hydraulic-fluid/?attribute_available-options=ISO+46+%E2%80%94+275+Gallon+Tote&#038;variation_id=246&#038;add-to-cart=240
247,240,Synthetic Biodegradable Hydraulic Fluid,MSL-2284SBAWHF-68-5P-1,Available Options: ISO 68 — 5 Gallon Pail,$118.38,True,True,https://midsouthlube.com/product/synthetic-biodegradable-hydraulic-fluid/?attribute_available-options=ISO+68+%E2%80%94+5+Gallon+Pail&#038;variation_id=247&#038;add-to-cart=240
248,240,Synthetic Biodegradable Hydraulic Fluid,MSL-2284SBAWHF-68-55D-1,Available Options: ISO 68 — 55 Gallon Drum,"$1,145.48",True,True,https://midsouthlube.com/product/synthetic-biodegradable-hydraulic-fluid/?attribute_available-options=ISO+68+%E2%80%94+55+Gallon+Drum&#038;variation_id=248&#038;add-to-cart=240
249,240,Synthetic Biodegradable Hydraulic Fluid,MSL-2284SBAWHF-68-275T-1,Available Options: ISO 68 — 275 Gallon Tote,"$5,636.13",True,True,https://midsouthlube.com/product/synthetic-biodegradable-hydraulic-fluid/?attribute_available-options=ISO+68+%E2%80%94+275+Gallon+Tote&#038;variation_id=249&#038;add-to-cart=240
162,161,Synthetic Fire Resistant Food Grade Hydraulic Fluid,MSL-4584FRFGHF-32-5P,Available Options: ISO 32 — 5 Gallon Pail,$141.86,True,True,https://midsouthlube.com/product/synthetic-fire-resistant-food-grade-hydraulic-fluid/?attribute_available-options=ISO+32+%E2%80%94+5+Gallon+Pail&#038;variation_id=162&#038;add-to-cart=161
163,161,Synthetic Fire Resistant Food Grade Hydraulic Fluid,MSL-4584FRFGHF-32-55D,Available Options: ISO 32 — 55 Gallon Drum,"$1,391.58",True,True,https://midsouthlube.com/product/synthetic-fire-resistant-food-grade-hydraulic-fluid/?attribute_available-options=ISO+32+%E2%80%94+55+Gallon+Drum&#038;variation_id=163&#038;add-to-cart=161
164,161,Synthetic Fire Resistant Food Grade Hydraulic Fluid,MSL-4584FRFGHF-32-275T,Available Options: ISO 32 — 275 Gallon Tote,"$6,337.07",True,True,https://midsouthlube.com/product/synthetic-fire-resistant-food-grade-hydraulic-fluid/?attribute_available-options=ISO+32+%E2%80%94+275+Gallon+Tote&#038;variation_id=164&#038;add-to-cart=161
165,161,Synthetic Fire Resistant Food Grade Hydraulic Fluid,MSL-4584FRFGHF-46-5P,Available Options: ISO 46 — 5 Gallon Pail,$141.86,True,True,https://midsouthlube.com/product/synthetic-fire-resistant-food-grade-hydraulic-fluid/?attribute_available-options=ISO+46+%E2%80%94+5+Gallon+Pail&#038;variation_id=165&#038;add-to-cart=161
166,161,Synthetic Fire Resistant Food Grade Hydraulic Fluid,MSL-4584FRFGHF-46-55D,Available Options: ISO 46 — 55 Gallon Drum,"$1,391.58",True,True,https://midsouthlube.com/product/synthetic-fire-resistant-food-grade-hydraulic-fluid/?attribute_available-options=ISO+46+%E2%80%94+55+Gallon+Drum&#038;variation_id=166&#038;add-to-cart=161
167,161,Synthetic Fire Resistant Food Grade Hydraulic Fluid,MSL-4584FRFGHF-46-275T,Available Options: ISO 46 — 275 Gallon Tote,"$6,337.07",True,True,https://midsouthlube.com/product/synthetic-fire-resistant-food-grade-hydraulic-fluid/?attribute_available-options=ISO+46+%E2%80%94+275+Gallon+Tote&#038;variation_id=167&#038;add-to-cart=161
168,161,Synthetic Fire Resistant Food Grade Hydraulic Fluid,MSL-4584FRFGHF-68-5P,Available Options: ISO 68 — 5 Gallon Pail,$141.86,True,True,https://midsouthlube.com/product/synthetic-fire-resistant-food-grade-hydraulic-fluid/?attribute_available-options=ISO+68+%E2%80%94+5+Gallon+Pail&#038;variation_id=168&#038;add-to-cart=161
169,161,Synthetic Fire Resistant Food Grade Hydraulic Fluid,MSL-4584FRFGHF-68-55D,Available Options: ISO 68 — 55 Gallon Drum,"$1,391.58",True,True,https://midsouthlube.com/product/synthetic-fire-resistant-food-grade-hydraulic-fluid/?attribute_available-options=ISO+68+%E2%80%94+55+Gallon+Drum&#038;variation_id=169&#038;add-to-cart=161
170,161,Synthetic Fire Resistant Food Grade Hydraulic Fluid,MSL-4584FRFGHF-68-275T,Available Options: ISO 68 — 275 Gallon Tote,"$6,337.07",True,True,https://midsouthlube.com/product/synthetic-fire-resistant-food-grade-hydraulic-fluid/?attribute_available-options=ISO+68+%E2%80%94+275+Gallon+Tote&#038;variation_id=170&#038;add-to-cart=161
151,150,Synthetic Fire Resistant Hydraulic Fluid,MSL-2584SFRHF-32-5P,Available Options: ISO 32 — 5 Gallon Pail,$134.22,True,True,https://midsouthlube.com/product/synthetic-fire-resistant-hydraulic-fluid/?attribute_available-options=ISO+32+%E2%80%94+5+Gallon+Pail&#038;variation_id=151&#038;add-to-cart=150
152,150,Synthetic Fire Resistant Hydraulic Fluid,MSL-2584SFRHF-32-55D,Available Options: ISO 32 — 55 Gallon Drum,"$1,240.24",True,True,https://midsouthlube.com/product/synthetic-fire-resistant-hydraulic-fluid/?attribute_available-options=ISO+32+%E2%80%94+55+Gallon+Drum&#038;variation_id=152&#038;add-to-cart=150
153,150,Synthetic Fire Resistant Hydraulic Fluid,MSL-2584SFRHF-32-275T,Available Options: ISO 32 — 275 Gallon Tote,"$6,110.94",True,True,https://midsouthlube.com/product/synthetic-fire-resistant-hydraulic-fluid/?attribute_available-options=ISO+32+%E2%80%94+275+Gallon+Tote&#038;variation_id=153&#038;add-to-cart=150
154,150,Synthetic Fire Resistant Hydraulic Fluid,MSL-2584SFRHF-46-5P,Available Options: ISO 46 — 5 Gallon Pail,$134.22,True,True,https://midsouthlube.com/product/synthetic-fire-resistant-hydraulic-fluid/?attribute_available-options=ISO+46+%E2%80%94+5+Gallon+Pail&#038;variation_id=154&#038;add-to-cart=150
155,150,Synthetic Fire Resistant Hydraulic Fluid,MSL-2584SFRHF-46-55D,Available Options: ISO 46 — 55 Gallon Drum,"$1,240.24",True,True,https://midsouthlube.com/product/synthetic-fire-resistant-hydraulic-fluid/?attribute_available-options=ISO+46+%E2%80%94+55+Gallon+Drum&#038;variation_id=155&#038;add-to-cart=150
156,150,Synthetic Fire Resistant Hydraulic Fluid,MSL-2584SFRHF-46-275T,Available Options: ISO 46 — 275 Gallon Tote,"$6,110.94",True,True,https://midsouthlube.com/product/synthetic-fire-resistant-hydraulic-fluid/?attribute_available-options=ISO+46+%E2%80%94+275+Gallon+Tote&#038;variation_id=156&#038;add-to-cart=150
157,150,Synthetic Fire Resistant Hydraulic Fluid,MSL-2584SFRHF-68-5P,Available Options: ISO 68 — 5 Gallon Pail,$134.22,True,True,https://midsouthlube.com/product/synthetic-fire-resistant-hydraulic-fluid/?attribute_available-options=ISO+68+%E2%80%94+5+Gallon+Pail&#038;variation_id=157&#038;add-to-cart=150
158,150,Synthetic Fire Resistant Hydraulic Fluid,MSL-2584SFRHF-68-55D,Available Options: ISO 68 — 55 Gallon Drum,"$1,240.24",True,True,https://midsouthlube.com/product/synthetic-fire-resistant-hydraulic-fluid/?attribute_available-options=ISO+68+%E2%80%94+55+Gallon+Drum&#038;variation_id=158&#038;add-to-cart=150
159,150,Synthetic Fire Resistant Hydraulic Fluid,MSL-2584SFRHF-68-275T,Available Options: ISO 68 — 275 Gallon Tote,"$6,110.94",True,True,https://midsouthlube.com/product/synthetic-fire-resistant-hydraulic-fluid/?attribute_available-options=ISO+68+%E2%80%94+275+Gallon+Tote&#038;variation_id=159&#038;add-to-cart=150
128,127,Synthetic Food Grade Hydraulic Fluid,MSL-2288SFGAWHF-32-5P,Grade: 32,$118.38,True,True,https://midsouthlube.com/product/synthetic-food-grade-hydraulic-fluid/?attribute_grade=32&#038;variation_id=128&#038;add-to-cart=127
129,127,Synthetic Food Grade Hydraulic Fluid,MSL-2288SFGAWHF-32-55D,Grade: 32,"$1,133.52",True,True,https://midsouthlube.com/product/synthetic-food-grade-hydraulic-fluid/?attribute_grade=32&#038;variation_id=129&#038;add-to-cart=127
130,127,Synthetic Food Grade Hydraulic Fluid,MSL-2288SFGAWHF-32-275T,Grade: 32,"$5,636.14",True,True,https://midsouthlube.com/product/synthetic-food-grade-hydraulic-fluid/?attribute_grade=32&#038;variation_id=130&#038;add-to-cart=127
131,127,Synthetic Food Grade Hydraulic Fluid,MSL-2288SFGAWHF-46-5P,Grade: 46,$118.66,True,True,https://midsouthlube.com/product/synthetic-food-grade-hydraulic-fluid/?attribute_grade=46&#038;variation_id=131&#038;add-to-cart=127
132,127,Synthetic Food Grade Hydraulic Fluid,MSL-2288SFGAWHF-46-55D,Grade: 46,"$1,133.52",True,True,https://midsouthlube.com/product/synthetic-food-grade-hydraulic-fluid/?attribute_grade=46&#038;variation_id=132&#038;add-to-cart=127
133,127,Synthetic Food Grade Hydraulic Fluid,MSL-2288SFGAWHF-46-275T,Grade: 46,"$5,636.13",True,True,https://midsouthlube.com/product/synthetic-food-grade-hydraulic-fluid/?attribute_grade=46&#038;variation_id=133&#038;add-to-cart=127
134,127,Synthetic Food Grade Hydraulic Fluid,MSL-2288SFGAWHF-68-5P,Grade: 68,$118.38,True,True,https://midsouthlube.com/product/synthetic-food-grade-hydraulic-fluid/?attribute_grade=68&#038;variation_id=134&#038;add-to-cart=127
135,127,Synthetic Food Grade Hydraulic Fluid,MSL-2288SFGAWHF-68-55D,Grade: 68,"$1,145.48",True,True,https://midsouthlube.com/product/synthetic-food-grade-hydraulic-fluid/?attribute_grade=68&#038;variation_id=135&#038;add-to-cart=127
136,127,Synthetic Food Grade Hydraulic Fluid,MSL-2288SFGAWHF-68-275T,Grade: 68,"$5,636.13",True,True,https://midsouthlube.com/product/synthetic-food-grade-hydraulic-fluid/?attribute_grade=68&#038;variation_id=136&#038;add-to-cart=127
195,194,Synthetic Food-Grade Low Temperature Chain Lubricant,MSL-6831SFGLTCL-15-5P,5 Gallon Pail,$211.02,True,True,https://midsouthlube.com/product/synthetic-food-grade-low-temperature-chain-lubricant/?variation_id=195&#038;add-to-cart=194
196,194,Synthetic Food-Grade Low Temperature Chain Lubricant,MSL-6831SFGLTCL-15-55D,55 Gallon Drum,"$2,102.72",True,True,https://midsouthlube.com/product/synthetic-food-grade-low-temperature-chain-lubricant/?variation_id=196&#038;add-to-cart=194
197,194,Synthetic Food-Grade Low Temperature Chain Lubricant,MSL-6831SFGLTCL-15-275T,275 Gallon Tote,"$10,879.79",True,True,https://midsouthlube.com/product/synthetic-food-grade-low-temperature-chain-lubricant/?variation_id=197&#038;add-to-cart=194
215,214,Universal 10000 Hour Compressor Fluid,MSL-6321UCF10-46-5P,5 Gallon Pail,$212.17,True,True,https://midsouthlube.com/product/universal-10000-hour-compressor-fluid/?variation_id=215&#038;add-to-cart=214
216,214,Universal 10000 Hour Compressor Fluid,MSL-6321UCF10-46-55D,55 Gallon Drum,"$2,175.27",True,True,https://midsouthlube.com/product/universal-10000-hour-compressor-fluid/?variation_id=216&#038;add-to-cart=214
217,214,Universal 10000 Hour Compressor Fluid,MSL-6321UCF10-275T,275 Gallon Tote,"$10,772.72",True,True,https://midsouthlube.com/product/universal-10000-hour-compressor-fluid/?variation_id=217&#038;add-to-cart=214
